League,Home Team,Away Team,Total Games,Average Goals For Home,Average Goals For Away,Home Win %,Draw %,Away Win %,BTTS %,BTTS Home Win %,BTTS Away Win %,BTTS Draw %,BTTS No Draw %,Over 0.5 Goals %,Over 1.5 Goals %,Over 2.5 Goals %,Over 3.5 Goals %,Over 4.5 Goals %
Turkey Super Lig,Antalyaspor,Ankaraspor,2,1.0,1.0,0.0,1.0,0.0,1.0,0.0,0.0,1.0,0.0,1.0,1.0,0.0,0.0,0.0
Turkey Super Lig,Kocaelispor,Ankaraspor,1,3.0,1.0,1.0,0.0,0.0,1.0,1.0,0.0,0.0,1.0,1.0,1.0,1.0,1.0,0.0
Turkey Super Lig,Kocaelispor,Ad. Demirspor,1,1.0,1.0,0.0,1.0,0.0,1.0,0.0,0.0,1.0,0.0,1.0,1.0,0.0,0.0,0.0
Turkey Super Lig,Kocaelispor,Kayserispor,1,1.0,2.0,0.0,0.0,1.0,1.0,0.0,1.0,0.0,1.0,1.0,1.0,1.0,0.0,0.0
Turkey Super Lig,Kocaelispor,Rizespor,2,2.0,1.0,1.0,0.0,0.0,1.0,1.0,0.0,0.0,1.0,1.0,1.0,1.0,0.0,0.0
Turkey Super Lig,Sivasspor,Ad. Demirspor,2,1.0,1.5,0.0,0.5,0.5,1.0,0.0,0.5,0.5,0.5,1.0,1.0,0.5,0.0,0.0
Turkey Super Lig,Sivasspor,Gaziantep,4,1.25,1.0,0.25,0.75,0.0,1.0,0.25,0.0,0.75,0.25,1.0,1.0,0.25,0.0,0.0
Turkey Super Lig,Sivasspor,Istanbulspor,1,1.0,1.0,0.0,1.0,0.0,1.0,0.0,0.0,1.0,0.0,1.0,1.0,0.0,0.0,0.0
Turkey Super Lig,Samsunspor,Ad. Demirspor,1,5.0,1.0,1.0,0.0,0.0,1.0,1.0,0.0,0.0,1.0,1.0,1.0,1.0,1.0,1.0
Turkey Super Lig,Alanyaspor,Rizespor,5,2.4,1.6,0.6,0.2,0.2,1.0,0.6,0.2,0.2,0.8,1.0,1.0,0.8,0.4,0.4
Turkey Super Lig,Ad. Demirspor,Kayserispor,2,3.0,2.0,0.5,0.5,0.0,1.0,0.5,0.0,0.5,0.5,1.0,1.0,0.5,0.5,0.5
Turkey Super Lig,Ad. Demirspor,Rizespor,1,3.0,1.0,1.0,0.0,0.0,1.0,1.0,0.0,0.0,1.0,1.0,1.0,1.0,1.0,0.0
Turkey Super Lig,Ad. Demirspor,Ankaragucu,2,2.5,2.0,0.5,0.0,0.5,1.0,0.5,0.5,0.0,1.0,1.0,1.0,1.0,1.0,0.5
Turkey Super Lig,Karagumruk,Istanbulspor,1,1.0,2.0,0.0,0.0,1.0,1.0,0.0,1.0,0.0,1.0,1.0,1.0,1.0,0.0,0.0
Turkey Super Lig,Karagumruk,Fenerbahce,3,1.0,1.67,0.0,0.3333,0.6667,1.0,0.0,0.6667,0.3333,0.6667,1.0,1.0,0.6667,0.0,0.0
Turkey Super Lig,Samsunspor,Sivasspor,2,1.0,2.0,0.0,0.0,1.0,1.0,0.0,1.0,0.0,1.0,1.0,1.0,1.0,0.0,0.0
Turkey Super Lig,Ad. Demirspor,Alanyaspor,2,2.5,2.0,0.5,0.0,0.5,1.0,0.5,0.5,0.0,1.0,1.0,1.0,1.0,0.5,0.5
Turkey Super Lig,Istanbulspor,Alanyaspor,1,2.0,1.0,1.0,0.0,0.0,1.0,1.0,0.0,0.0,1.0,1.0,1.0,1.0,0.0,0.0
Turkey Super Lig,Kasimpasa,Ankaraspor,1,3.0,1.0,1.0,0.0,0.0,1.0,1.0,0.0,0.0,1.0,1.0,1.0,1.0,1.0,0.0
Turkey Super Lig,Istanbulspor,Ankaraspor,1,1.0,1.0,0.0,1.0,0.0,1.0,0.0,0.0,1.0,0.0,1.0,1.0,0.0,0.0,0.0
Turkey Super Lig,Gaziantep,Hatayspor,3,2.33,1.33,0.3333,0.6667,0.0,1.0,0.3333,0.0,0.6667,0.3333,1.0,1.0,0.6667,0.6667,0.3333
Turkey Super Lig,Kayserispor,Ad. Demirspor,2,1.5,1.5,0.0,1.0,0.0,1.0,0.0,0.0,1.0,0.0,1.0,1.0,0.5,0.5,0.0
Turkey Super Lig,Rizespor,Ad. Demirspor,1,1.0,3.0,0.0,0.0,1.0,1.0,0.0,1.0,0.0,1.0,1.0,1.0,1.0,1.0,0.0
Turkey Super Lig,Istanbulspor,Gaziantep,1,1.0,1.0,0.0,1.0,0.0,1.0,0.0,0.0,1.0,0.0,1.0,1.0,0.0,0.0,0.0
Turkey Super Lig,Kasimpasa,Karagumruk,3,2.0,2.33,0.3333,0.3333,0.3333,1.0,0.3333,0.3333,0.3333,0.6667,1.0,1.0,1.0,1.0,0.3333
Turkey Super Lig,Istanbulspor,Kasimpasa,1,2.0,1.0,1.0,0.0,0.0,1.0,1.0,0.0,0.0,1.0,1.0,1.0,1.0,0.0,0.0
Turkey Super Lig,Antalyaspor,Rizespor,10,1.8,1.4,0.5,0.3,0.2,0.9,0.5,0.2,0.2,0.7,0.9,0.9,0.8,0.4,0.2
Turkey Super Lig,Istanbulspor,Besiktas,10,1.5,2.1,0.1,0.3,0.6,0.9,0.1,0.5,0.3,0.6,1.0,1.0,0.7,0.4,0.3
Turkey Super Lig,Galatasaray,Istanbulspor,10,3.2,1.3,0.7,0.3,0.0,0.9,0.6,0.0,0.3,0.6,1.0,1.0,0.8,0.7,0.6
Turkey Super Lig,Trabzonspor,Kayserispor,18,2.56,1.44,0.6667,0.2222,0.1111,0.8889,0.6111,0.1111,0.1667,0.7222,0.9444,0.9444,0.8333,0.5,0.3889
Turkey Super Lig,Antalyaspor,Samsunspor,7,1.14,1.57,0.1429,0.4286,0.4286,0.8571,0.1429,0.2857,0.4286,0.4286,1.0,1.0,0.5714,0.1429,0.0
Turkey Super Lig,Alanyaspor,Galatasaray,7,1.57,2.0,0.1429,0.2857,0.5714,0.8571,0.1429,0.4286,0.2857,0.5714,1.0,0.8571,0.5714,0.5714,0.5714
Turkey Super Lig,Kasimpasa,Alanyaspor,7,2.29,1.43,0.5714,0.1429,0.2857,0.8571,0.4286,0.2857,0.1429,0.7143,1.0,1.0,1.0,0.4286,0.2857
Turkey Super Lig,Besiktas,Ankaraspor,5,2.2,1.8,0.6,0.0,0.4,0.8,0.4,0.4,0.0,0.8,1.0,1.0,1.0,0.6,0.4
Turkey Super Lig,Rizespor,Fenerbahce,15,1.27,2.33,0.2,0.2,0.6,0.8,0.0667,0.5333,0.2,0.6,1.0,0.9333,0.8,0.3333,0.2667
Turkey Super Lig,Kayserispor,Ankaraspor,5,1.8,1.4,0.4,0.4,0.2,0.8,0.4,0.2,0.2,0.6,0.8,0.8,0.8,0.4,0.2
Turkey Super Lig,Ankaragucu,Ankaraspor,5,1.6,1.8,0.4,0.4,0.2,0.8,0.2,0.2,0.4,0.4,1.0,0.8,0.4,0.4,0.4
Turkey Super Lig,Antalyaspor,Sivasspor,14,1.64,1.57,0.4286,0.2143,0.3571,0.7857,0.2143,0.3571,0.2143,0.5714,1.0,0.8571,0.7143,0.2857,0.2143
Turkey Super Lig,Besiktas,Kasimpasa,14,2.29,1.5,0.7143,0.1429,0.1429,0.7857,0.5714,0.0714,0.1429,0.6429,1.0,1.0,0.8571,0.4286,0.3571
Turkey Super Lig,Kasimpasa,Besiktas,14,1.5,2.14,0.2857,0.2143,0.5,0.7857,0.2143,0.3571,0.2143,0.5714,1.0,0.8571,0.7857,0.5,0.2857
Turkey Super Lig,Kocaelispor,Trabzonspor,9,1.33,2.0,0.2222,0.3333,0.4444,0.7778,0.1111,0.3333,0.3333,0.4444,1.0,0.8889,0.6667,0.6667,0.1111
Turkey Super Lig,Sivasspor,Galatasaray,17,1.59,1.82,0.3529,0.2941,0.3529,0.7647,0.2353,0.2941,0.2353,0.5294,0.9412,0.8824,0.7059,0.4118,0.1765
Turkey Super Lig,Sivasspor,Fenerbahce,17,1.47,1.82,0.2353,0.3529,0.4118,0.7647,0.1176,0.4118,0.2353,0.5294,0.8824,0.8824,0.5882,0.4706,0.2941
Turkey Super Lig,Sivasspor,Ankaraspor,4,1.25,1.5,0.25,0.5,0.25,0.75,0.25,0.0,0.5,0.25,1.0,1.0,0.5,0.25,0.0
Turkey Super Lig,Gaziantep,Kayserispor,4,1.75,1.0,0.5,0.25,0.25,0.75,0.25,0.25,0.25,0.5,1.0,1.0,0.75,0.0,0.0
Turkey Super Lig,Gaziantep,Fenerbahce,4,1.75,1.75,0.5,0.0,0.5,0.75,0.5,0.25,0.0,0.75,1.0,1.0,0.75,0.5,0.25
Turkey Super Lig,Samsunspor,Trabzonspor,12,1.25,1.75,0.3333,0.1667,0.5,0.75,0.3333,0.25,0.1667,0.5833,1.0,0.9167,0.6667,0.4167,0.0
Turkey Super Lig,Gaziantep,Sivasspor,4,2.75,1.25,0.5,0.0,0.5,0.75,0.5,0.25,0.0,0.75,1.0,0.75,0.75,0.5,0.5
Turkey Super Lig,Samsunspor,Besiktas,12,1.5,2.25,0.1667,0.1667,0.6667,0.75,0.1667,0.5,0.0833,0.6667,0.9167,0.8333,0.75,0.5833,0.4167
Turkey Super Lig,Gaziantep,Besiktas,4,1.75,1.0,0.5,0.5,0.0,0.75,0.5,0.0,0.25,0.5,0.75,0.75,0.5,0.5,0.25
Turkey Super Lig,Gaziantep,Alanyaspor,4,1.5,1.5,0.5,0.25,0.25,0.75,0.5,0.0,0.25,0.5,1.0,1.0,0.75,0.25,0.0
Turkey Super Lig,Rizespor,Ankaraspor,4,1.0,1.0,0.25,0.5,0.25,0.75,0.25,0.0,0.5,0.25,1.0,0.75,0.25,0.0,0.0
Turkey Super Lig,Galatasaray,Gaziantep,4,2.5,1.25,0.75,0.25,0.0,0.75,0.5,0.0,0.25,0.5,1.0,1.0,0.75,0.5,0.25
Turkey Super Lig,Rizespor,Istanbulspor,4,1.25,0.75,0.5,0.5,0.0,0.75,0.25,0.0,0.5,0.25,1.0,0.75,0.25,0.0,0.0
Turkey Super Lig,Ankaragucu,Sivasspor,11,1.18,2.09,0.1818,0.2727,0.5455,0.7273,0.1818,0.3636,0.1818,0.5455,0.9091,0.9091,0.7273,0.4545,0.2727
Turkey Super Lig,Antalyaspor,Besiktas,21,1.38,2.67,0.0952,0.1905,0.7143,0.7143,0.0476,0.5238,0.1429,0.5714,0.9524,0.9048,0.7619,0.4762,0.4286
Turkey Super Lig,Antalyaspor,Istanbulspor,7,1.57,1.43,0.4286,0.2857,0.2857,0.7143,0.2857,0.2857,0.1429,0.5714,0.8571,0.8571,0.7143,0.4286,0.1429
Turkey Super Lig,Alanyaspor,Kasimpasa,7,2.14,1.43,0.5714,0.0,0.4286,0.7143,0.2857,0.4286,0.0,0.7143,1.0,1.0,0.8571,0.5714,0.1429
Turkey Super Lig,Alanyaspor,Fenerbahce,7,1.43,2.29,0.2857,0.1429,0.5714,0.7143,0.1429,0.5714,0.0,0.7143,0.8571,0.7143,0.7143,0.7143,0.4286
Turkey Super Lig,Kasimpasa,Galatasaray,14,1.21,2.07,0.2143,0.2143,0.5714,0.7143,0.1429,0.3571,0.2143,0.5,1.0,0.8571,0.7857,0.4286,0.2143
Turkey Super Lig,Kasimpasa,Ankaragucu,7,1.71,1.0,0.5714,0.2857,0.1429,0.7143,0.4286,0.0,0.2857,0.4286,1.0,0.8571,0.5714,0.2857,0.0
Turkey Super Lig,Alanyaspor,Besiktas,7,1.43,1.71,0.2857,0.2857,0.4286,0.7143,0.1429,0.4286,0.1429,0.5714,0.8571,0.8571,0.7143,0.2857,0.2857
Turkey Super Lig,Fenerbahce,Kasimpasa,14,2.5,1.14,0.7857,0.1429,0.0714,0.7143,0.5714,0.0714,0.0714,0.6429,0.9286,0.9286,0.7857,0.5714,0.2857
Turkey Super Lig,Fenerbahce,Ankaragucu,21,2.57,0.95,0.8095,0.0952,0.0952,0.7143,0.5714,0.0952,0.0476,0.6667,0.9524,0.9048,0.7619,0.4762,0.2857
Turkey Super Lig,Besiktas,Sivasspor,17,1.76,1.18,0.4706,0.1765,0.3529,0.7059,0.3529,0.1765,0.1765,0.5294,1.0,0.8235,0.6471,0.2941,0.1176
Turkey Super Lig,Fenerbahce,Sivasspor,17,2.35,1.12,0.7059,0.1176,0.1765,0.7059,0.4118,0.1765,0.1176,0.5882,1.0,0.8235,0.7647,0.3529,0.2941
Turkey Super Lig,Istanbulspor,Galatasaray,10,1.3,2.4,0.2,0.1,0.7,0.7,0.2,0.4,0.1,0.6,1.0,1.0,0.7,0.4,0.3
Turkey Super Lig,Istanbulspor,Ankaragucu,10,0.9,1.8,0.1,0.2,0.7,0.7,0.0,0.6,0.1,0.6,0.9,0.8,0.6,0.2,0.2
Turkey Super Lig,Rizespor,Ankaragucu,10,1.9,1.1,0.6,0.3,0.1,0.7,0.4,0.1,0.2,0.5,0.9,0.8,0.5,0.3,0.2
Turkey Super Lig,Kasimpasa,Kayserispor,13,1.54,1.54,0.3077,0.1538,0.5385,0.6923,0.3077,0.2308,0.1538,0.5385,1.0,0.8462,0.6923,0.3846,0.0769
Turkey Super Lig,Kayserispor,Sivasspor,16,1.88,1.25,0.375,0.4375,0.1875,0.6875,0.1875,0.125,0.375,0.3125,0.9375,0.8125,0.5,0.4375,0.25
Turkey Super Lig,Antalyaspor,Karagumruk,3,3.33,1.0,1.0,0.0,0.0,0.6667,0.6667,0.0,0.0,0.6667,1.0,1.0,1.0,0.6667,0.3333
Turkey Super Lig,Antalyaspor,Kasimpasa,12,1.58,0.92,0.5833,0.3333,0.0833,0.6667,0.4167,0.0,0.25,0.4167,0.9167,0.8333,0.4167,0.25,0.0833
Turkey Super Lig,Trabzonspor,Karagumruk,3,2.33,0.67,0.6667,0.3333,0.0,0.6667,0.3333,0.0,0.3333,0.3333,1.0,1.0,0.3333,0.3333,0.3333
Turkey Super Lig,Trabzonspor,Rizespor,15,2.67,0.93,0.8667,0.0667,0.0667,0.6667,0.6,0.0,0.0667,0.6,1.0,0.8,0.7333,0.4667,0.3333
Turkey Super Lig,Kocaelispor,Galatasaray,9,0.67,2.0,0.0,0.3333,0.6667,0.6667,0.0,0.3333,0.3333,0.3333,1.0,0.8889,0.3333,0.2222,0.2222
Turkey Super Lig,Sivasspor,Hatayspor,3,2.0,1.0,0.3333,0.3333,0.3333,0.6667,0.0,0.3333,0.3333,0.3333,1.0,1.0,0.6667,0.3333,0.0
Turkey Super Lig,Besiktas,Karagumruk,3,2.0,1.0,0.6667,0.0,0.3333,0.6667,0.3333,0.3333,0.0,0.6667,1.0,0.6667,0.6667,0.3333,0.3333
Turkey Super Lig,Alanyaspor,Karagumruk,3,1.67,1.0,0.3333,0.6667,0.0,0.6667,0.0,0.0,0.6667,0.0,1.0,1.0,0.3333,0.3333,0.0
Turkey Super Lig,Hatayspor,Gaziantep,3,1.0,1.33,0.3333,0.0,0.6667,0.6667,0.3333,0.3333,0.0,0.6667,1.0,0.6667,0.6667,0.0,0.0
Turkey Super Lig,Hatayspor,Kayserispor,3,1.0,2.67,0.3333,0.0,0.6667,0.6667,0.3333,0.3333,0.0,0.6667,1.0,1.0,1.0,0.6667,0.0
Turkey Super Lig,Hatayspor,Fenerbahce,3,0.67,2.33,0.0,0.0,1.0,0.6667,0.0,0.6667,0.0,0.6667,1.0,1.0,1.0,0.0,0.0
Turkey Super Lig,Gaziantep,Karagumruk,3,1.67,2.0,0.3333,0.3333,0.3333,0.6667,0.3333,0.0,0.3333,0.3333,1.0,1.0,1.0,0.6667,0.0
Turkey Super Lig,Karagumruk,Kasimpasa,3,2.33,1.0,0.6667,0.3333,0.0,0.6667,0.3333,0.0,0.3333,0.3333,1.0,1.0,0.6667,0.3333,0.3333
Turkey Super Lig,Karagumruk,Galatasaray,3,1.0,1.33,0.3333,0.3333,0.3333,0.6667,0.3333,0.0,0.3333,0.3333,1.0,1.0,0.3333,0.0,0.0
Turkey Super Lig,Rizespor,Galatasaray,15,1.47,2.6,0.2,0.2,0.6,0.6667,0.1333,0.3333,0.2,0.4667,1.0,0.9333,0.6667,0.4667,0.4
Turkey Super Lig,Hatayspor,Trabzonspor,3,1.0,1.0,0.3333,0.3333,0.3333,0.6667,0.3333,0.0,0.3333,0.3333,1.0,0.6667,0.3333,0.0,0.0
Turkey Super Lig,Ad. Demirspor,Trabzonspor,3,1.33,2.67,0.3333,0.0,0.6667,0.6667,0.3333,0.3333,0.0,0.6667,1.0,1.0,1.0,0.6667,0.3333
Turkey Super Lig,Karagumruk,Trabzonspor,3,1.67,1.67,0.3333,0.0,0.6667,0.6667,0.3333,0.3333,0.0,0.6667,1.0,1.0,0.6667,0.3333,0.3333
Turkey Super Lig,Hatayspor,Sivasspor,3,0.67,1.67,0.0,0.6667,0.3333,0.6667,0.0,0.0,0.6667,0.0,1.0,1.0,0.3333,0.0,0.0
Turkey Super Lig,Karagumruk,Sivasspor,3,2.0,1.33,0.6667,0.3333,0.0,0.6667,0.3333,0.0,0.3333,0.3333,1.0,0.6667,0.3333,0.3333,0.3333
Turkey Super Lig,Hatayspor,Besiktas,3,1.67,1.0,0.6667,0.3333,0.0,0.6667,0.3333,0.0,0.3333,0.3333,1.0,0.6667,0.6667,0.3333,0.0
Turkey Super Lig,Ad. Demirspor,Besiktas,3,0.67,2.0,0.0,0.3333,0.6667,0.6667,0.0,0.3333,0.3333,0.3333,1.0,0.6667,0.3333,0.3333,0.3333
Turkey Super Lig,Karagumruk,Besiktas,3,0.67,2.0,0.0,0.3333,0.6667,0.6667,0.0,0.3333,0.3333,0.3333,1.0,0.6667,0.3333,0.3333,0.3333
Turkey Super Lig,Rizespor,Besiktas,15,1.33,1.93,0.2,0.1333,0.6667,0.6667,0.0667,0.4667,0.1333,0.5333,1.0,0.6667,0.6667,0.4,0.2
Turkey Super Lig,Kayserispor,Samsunspor,3,3.0,2.33,0.6667,0.0,0.3333,0.6667,0.3333,0.3333,0.0,0.6667,1.0,1.0,0.6667,0.6667,0.6667
Turkey Super Lig,Galatasaray,Samsunspor,12,2.17,0.92,0.8333,0.0,0.1667,0.6667,0.5833,0.0833,0.0,0.6667,1.0,0.75,0.6667,0.5,0.1667
Turkey Super Lig,Fenerbahce,Samsunspor,12,2.42,0.83,0.6667,0.3333,0.0,0.6667,0.5,0.0,0.1667,0.5,0.8333,0.75,0.5833,0.3333,0.3333
Turkey Super Lig,Kasimpasa,Hatayspor,3,1.67,1.67,0.6667,0.0,0.3333,0.6667,0.3333,0.3333,0.0,0.6667,1.0,0.6667,0.6667,0.6667,0.3333
Turkey Super Lig,Fenerbahce,Ad. Demirspor,3,2.67,1.33,0.6667,0.0,0.3333,0.6667,0.3333,0.3333,0.0,0.6667,1.0,1.0,1.0,0.3333,0.3333
Turkey Super Lig,Karagumruk,Gaziantep,3,2.67,1.67,0.6667,0.3333,0.0,0.6667,0.3333,0.0,0.3333,0.3333,1.0,1.0,0.6667,0.6667,0.6667
Turkey Super Lig,Kayserispor,Karagumruk,3,1.33,1.67,0.3333,0.3333,0.3333,0.6667,0.3333,0.3333,0.0,0.6667,0.6667,0.6667,0.6667,0.3333,0.3333
Turkey Super Lig,Galatasaray,Karagumruk,3,2.0,1.33,0.3333,0.6667,0.0,0.6667,0.0,0.0,0.6667,0.0,1.0,1.0,0.3333,0.3333,0.3333
Turkey Super Lig,Fenerbahce,Karagumruk,3,2.33,1.67,0.6667,0.3333,0.0,0.6667,0.6667,0.0,0.0,0.6667,0.6667,0.6667,0.6667,0.3333,0.3333
Turkey Super Lig,Galatasaray,Rizespor,15,2.47,1.13,0.6667,0.2,0.1333,0.6667,0.3333,0.1333,0.2,0.4667,1.0,1.0,0.6,0.4667,0.2667
Turkey Super Lig,Fenerbahce,Rizespor,15,2.0,0.73,0.8,0.2,0.0,0.6667,0.5333,0.0,0.1333,0.5333,0.9333,0.8,0.6,0.2667,0.1333
Turkey Super Lig,Galatasaray,Sivasspor,17,2.41,1.0,0.8824,0.0588,0.0588,0.6471,0.5294,0.0588,0.0588,0.5882,1.0,0.9412,0.7059,0.4118,0.2353
Turkey Super Lig,Besiktas,Fenerbahce,28,1.54,1.39,0.3571,0.3214,0.3214,0.6429,0.1786,0.2143,0.25,0.3929,0.9286,0.8571,0.5714,0.3214,0.1786
Turkey Super Lig,Galatasaray,Trabzonspor,28,1.75,1.29,0.5714,0.1429,0.2857,0.6429,0.3929,0.1429,0.1071,0.5357,0.9643,0.8214,0.6786,0.2857,0.1071
Turkey Super Lig,Fenerbahce,Trabzonspor,28,1.71,0.93,0.5,0.4643,0.0357,0.6429,0.2857,0.0357,0.3214,0.3214,0.8571,0.75,0.4643,0.3929,0.1071
Turkey Super Lig,Galatasaray,Kasimpasa,14,1.93,1.29,0.7143,0.0,0.2857,0.6429,0.5,0.1429,0.0,0.6429,1.0,0.7857,0.7143,0.5,0.2143
Turkey Super Lig,Antalyaspor,Trabzonspor,21,1.48,1.57,0.2857,0.2381,0.4762,0.619,0.2381,0.1905,0.1905,0.4286,0.9524,0.8571,0.5714,0.2381,0.1905
Turkey Super Lig,Besiktas,Ankaragucu,21,2.71,0.76,0.9048,0.0476,0.0476,0.619,0.5238,0.0476,0.0476,0.5714,1.0,0.8095,0.8095,0.5238,0.2381
Turkey Super Lig,Sivasspor,Kasimpasa,13,1.38,1.23,0.3846,0.3077,0.3077,0.6154,0.0769,0.2308,0.3077,0.3077,1.0,0.8462,0.5385,0.2308,0.0
Turkey Super Lig,Fenerbahce,Besiktas,28,1.68,1.25,0.4286,0.3214,0.25,0.6071,0.1786,0.1786,0.25,0.3571,0.9286,0.7857,0.5357,0.3214,0.1429
Turkey Super Lig,Trabzonspor,Ankaraspor,5,2.2,1.2,0.6,0.2,0.2,0.6,0.2,0.2,0.2,0.4,1.0,1.0,0.8,0.4,0.2
Turkey Super Lig,Sivasspor,Rizespor,10,1.0,1.0,0.3,0.4,0.3,0.6,0.2,0.1,0.3,0.3,0.9,0.7,0.3,0.1,0.0
Turkey Super Lig,Besiktas,Istanbulspor,10,2.0,0.9,0.7,0.1,0.2,0.6,0.5,0.1,0.0,0.6,0.9,0.8,0.7,0.2,0.1
Turkey Super Lig,Rizespor,Sivasspor,10,0.9,0.9,0.3,0.5,0.2,0.6,0.2,0.1,0.3,0.3,0.8,0.7,0.3,0.0,0.0
Turkey Super Lig,Rizespor,Alanyaspor,5,1.2,0.6,0.4,0.6,0.0,0.6,0.0,0.0,0.6,0.0,1.0,0.8,0.0,0.0,0.0
Turkey Super Lig,Fenerbahce,Ankaraspor,5,2.2,0.8,1.0,0.0,0.0,0.6,0.6,0.0,0.0,0.6,1.0,0.8,0.6,0.2,0.2
Turkey Super Lig,Sivasspor,Trabzonspor,17,1.47,1.24,0.4118,0.2941,0.2941,0.5882,0.1765,0.1765,0.2353,0.3529,0.9412,0.8824,0.5294,0.2353,0.1176
Turkey Super Lig,Samsunspor,Ankaragucu,12,1.83,1.25,0.5833,0.25,0.1667,0.5833,0.3333,0.0833,0.1667,0.4167,0.9167,0.8333,0.5833,0.3333,0.25
Turkey Super Lig,Samsunspor,Fenerbahce,12,1.08,1.83,0.25,0.25,0.5,0.5833,0.0833,0.25,0.25,0.3333,1.0,0.9167,0.5833,0.3333,0.0833
Turkey Super Lig,Ankaragucu,Kayserispor,12,1.33,1.67,0.3333,0.3333,0.3333,0.5833,0.1667,0.0833,0.3333,0.25,1.0,0.9167,0.5833,0.4167,0.0833
Turkey Super Lig,Trabzonspor,Alanyaspor,7,1.57,1.57,0.2857,0.2857,0.4286,0.5714,0.1429,0.2857,0.1429,0.4286,0.8571,0.7143,0.4286,0.4286,0.2857
Turkey Super Lig,Trabzonspor,Ankaragucu,21,2.14,0.76,0.6667,0.2857,0.0476,0.5714,0.3333,0.0,0.2381,0.3333,0.9524,0.8095,0.619,0.4286,0.0952
Turkey Super Lig,Besiktas,Galatasaray,28,1.46,1.04,0.5,0.3214,0.1786,0.5714,0.25,0.1071,0.2143,0.3571,0.8929,0.75,0.5357,0.2143,0.0714
Turkey Super Lig,Alanyaspor,Kayserispor,7,3.57,1.0,0.8571,0.0,0.1429,0.5714,0.4286,0.1429,0.0,0.5714,1.0,1.0,0.8571,0.5714,0.4286
Turkey Super Lig,Kayserispor,Alanyaspor,7,1.0,1.57,0.1429,0.2857,0.5714,0.5714,0.0,0.2857,0.2857,0.2857,1.0,0.8571,0.5714,0.1429,0.0
Turkey Super Lig,Fenerbahce,Alanyaspor,7,2.14,0.71,0.5714,0.2857,0.1429,0.5714,0.1429,0.1429,0.2857,0.2857,1.0,1.0,0.5714,0.1429,0.1429
Turkey Super Lig,Kocaelispor,Fenerbahce,9,1.22,2.22,0.2222,0.1111,0.6667,0.5556,0.2222,0.2222,0.1111,0.4444,1.0,0.7778,0.7778,0.4444,0.3333
Turkey Super Lig,Samsunspor,Istanbulspor,9,1.44,1.67,0.2222,0.3333,0.4444,0.5556,0.1111,0.2222,0.2222,0.3333,0.8889,0.5556,0.5556,0.3333,0.3333
Turkey Super Lig,Kasimpasa,Rizespor,9,1.78,0.89,0.5556,0.2222,0.2222,0.5556,0.3333,0.0,0.2222,0.3333,1.0,0.7778,0.3333,0.3333,0.1111
Turkey Super Lig,Kayserispor,Galatasaray,18,0.94,1.67,0.1111,0.4444,0.4444,0.5556,0.0556,0.2778,0.2222,0.3333,0.7778,0.7778,0.5556,0.3333,0.1111
Turkey Super Lig,Galatasaray,Kayserispor,18,2.78,0.67,0.6667,0.2222,0.1111,0.5556,0.2778,0.0556,0.2222,0.3333,1.0,0.8889,0.6111,0.4444,0.3333
Turkey Super Lig,Fenerbahce,Kayserispor,18,2.78,1.11,0.7222,0.1667,0.1111,0.5556,0.2778,0.1111,0.1667,0.3889,1.0,0.9444,0.7778,0.5,0.3889
Turkey Super Lig,Sivasspor,Ankaragucu,11,2.45,0.82,0.7273,0.2727,0.0,0.5455,0.3636,0.0,0.1818,0.3636,0.9091,0.9091,0.7273,0.4545,0.1818
Turkey Super Lig,Kayserispor,Rizespor,11,1.55,0.82,0.6364,0.2727,0.0909,0.5455,0.3636,0.0,0.1818,0.3636,0.9091,0.7273,0.5455,0.1818,0.0
Turkey Super Lig,Kasimpasa,Sivasspor,13,1.54,1.54,0.3846,0.2308,0.3846,0.5385,0.1538,0.3077,0.0769,0.4615,0.8462,0.7692,0.6154,0.4615,0.1538
Turkey Super Lig,Besiktas,Trabzonspor,28,1.82,1.0,0.4286,0.2857,0.2857,0.5357,0.0714,0.25,0.2143,0.3214,0.9286,0.8571,0.6786,0.2857,0.0714
Turkey Super Lig,Antalyaspor,Kayserispor,15,1.93,0.67,0.6667,0.3333,0.0,0.5333,0.2667,0.0,0.2667,0.2667,0.9333,0.8,0.6,0.2667,0.0
Turkey Super Lig,Antalyaspor,Ankaragucu,15,1.27,1.93,0.4,0.2,0.4,0.5333,0.0667,0.2667,0.2,0.3333,1.0,0.6,0.4667,0.4,0.2667
Turkey Super Lig,Besiktas,Rizespor,15,2.0,0.8,0.6,0.3333,0.0667,0.5333,0.2667,0.0,0.2667,0.2667,0.9333,0.6667,0.4667,0.2667,0.2
Turkey Super Lig,Rizespor,Trabzonspor,15,1.2,1.73,0.3333,0.2,0.4667,0.5333,0.2,0.2667,0.0667,0.4667,0.8667,0.7333,0.6,0.3333,0.2667
Turkey Super Lig,Galatasaray,Ankaragucu,21,2.43,0.76,0.8095,0.0952,0.0952,0.5238,0.3333,0.0952,0.0952,0.4286,1.0,0.8571,0.7143,0.2857,0.1905
Turkey Super Lig,Ankaragucu,Trabzonspor,21,1.0,1.86,0.1905,0.1905,0.619,0.5238,0.0476,0.2857,0.1905,0.3333,1.0,0.8095,0.5238,0.3333,0.0952
Turkey Super Lig,Ankaragucu,Galatasaray,21,1.1,1.71,0.3333,0.1429,0.5238,0.5238,0.1905,0.2381,0.0952,0.4286,0.9524,0.7143,0.7143,0.3333,0.0952
Turkey Super Lig,Antalyaspor,Ad. Demirspor,2,0.5,2.5,0.0,0.0,1.0,0.5,0.0,0.5,0.0,0.5,1.0,1.0,1.0,0.0,0.0
Turkey Super Lig,Antalyaspor,Gaziantep,4,0.75,0.5,0.25,0.75,0.0,0.5,0.0,0.0,0.5,0.0,0.75,0.5,0.0,0.0,0.0
Turkey Super Lig,Trabzonspor,Besiktas,28,1.29,1.5,0.3214,0.25,0.4286,0.5,0.1786,0.1786,0.1429,0.3571,0.8929,0.7857,0.4643,0.3214,0.2143
Turkey Super Lig,Trabzonspor,Gaziantep,4,2.75,0.75,1.0,0.0,0.0,0.5,0.5,0.0,0.0,0.5,1.0,0.75,0.75,0.5,0.5
Turkey Super Lig,Trabzonspor,Galatasaray,28,1.21,1.32,0.2857,0.3571,0.3571,0.5,0.1429,0.1071,0.25,0.25,0.8929,0.75,0.4643,0.2857,0.1071
Turkey Super Lig,Sivasspor,Samsunspor,2,1.5,2.5,0.5,0.0,0.5,0.5,0.5,0.0,0.0,0.5,1.0,1.0,1.0,0.5,0.5
Turkey Super Lig,Besiktas,Kayserispor,18,2.06,0.89,0.7222,0.1667,0.1111,0.5,0.4444,0.0,0.0556,0.4444,0.8889,0.7222,0.5556,0.4444,0.2222
Turkey Super Lig,Samsunspor,Galatasaray,12,1.0,1.75,0.25,0.1667,0.5833,0.5,0.1667,0.1667,0.1667,0.3333,1.0,0.75,0.5,0.25,0.1667
Turkey Super Lig,Alanyaspor,Ad. Demirspor,2,0.5,1.5,0.0,0.5,0.5,0.5,0.0,0.5,0.0,0.5,0.5,0.5,0.5,0.5,0.0
Turkey Super Lig,Alanyaspor,Ankaragucu,4,2.75,1.5,0.75,0.0,0.25,0.5,0.5,0.0,0.0,0.5,1.0,1.0,0.75,0.5,0.5
Turkey Super Lig,Hatayspor,Ad. Demirspor,2,0.5,0.5,0.0,1.0,0.0,0.5,0.0,0.0,0.5,0.0,0.5,0.5,0.0,0.0,0.0
Turkey Super Lig,Hatayspor,Rizespor,2,1.0,1.0,0.0,1.0,0.0,0.5,0.0,0.0,0.5,0.0,0.5,0.5,0.5,0.5,0.0
Turkey Super Lig,Hatayspor,Ankaragucu,2,2.0,2.0,0.5,0.0,0.5,0.5,0.5,0.0,0.0,0.5,1.0,1.0,1.0,0.5,0.5
Turkey Super Lig,Ad. Demirspor,Karagumruk,2,3.5,0.5,1.0,0.0,0.0,0.5,0.5,0.0,0.0,0.5,1.0,1.0,1.0,0.5,0.5
Turkey Super Lig,Gaziantep,Kasimpasa,4,1.5,1.75,0.25,0.5,0.25,0.5,0.0,0.0,0.5,0.0,1.0,1.0,0.75,0.5,0.0
Turkey Super Lig,Gaziantep,Galatasaray,4,1.0,2.0,0.25,0.0,0.75,0.5,0.25,0.25,0.0,0.5,1.0,1.0,0.75,0.25,0.0
Turkey Super Lig,Karagumruk,Rizespor,2,2.0,0.5,1.0,0.0,0.0,0.5,0.5,0.0,0.0,0.5,1.0,1.0,0.5,0.0,0.0
Turkey Super Lig,Karagumruk,Ankaragucu,2,2.0,1.0,0.5,0.0,0.5,0.5,0.5,0.0,0.0,0.5,1.0,0.5,0.5,0.5,0.5
Turkey Super Lig,Kasimpasa,Fenerbahce,14,0.93,2.79,0.1429,0.0,0.8571,0.5,0.0,0.5,0.0,0.5,1.0,0.8571,0.7143,0.4286,0.3571
Turkey Super Lig,Istanbulspor,Fenerbahce,10,0.9,1.7,0.2,0.1,0.7,0.5,0.0,0.4,0.1,0.4,1.0,0.7,0.5,0.1,0.1
Turkey Super Lig,Gaziantep,Trabzonspor,4,0.5,1.25,0.0,0.75,0.25,0.5,0.0,0.0,0.5,0.0,0.75,0.75,0.25,0.0,0.0
Turkey Super Lig,Kasimpasa,Trabzonspor,14,1.14,1.57,0.2857,0.3571,0.3571,0.5,0.1429,0.0714,0.2857,0.2143,0.9286,0.7857,0.4286,0.2857,0.1429
Turkey Super Lig,Alanyaspor,Sivasspor,6,1.17,1.17,0.3333,0.3333,0.3333,0.5,0.1667,0.0,0.3333,0.1667,1.0,0.8333,0.3333,0.1667,0.0
Turkey Super Lig,Ad. Demirspor,Sivasspor,2,2.5,1.5,0.5,0.0,0.5,0.5,0.0,0.5,0.0,0.5,1.0,1.0,1.0,0.5,0.5
Turkey Super Lig,Galatasaray,Besiktas,28,1.75,0.93,0.7143,0.0714,0.2143,0.5,0.3571,0.1071,0.0357,0.4643,0.9643,0.7143,0.5357,0.2857,0.1429
Turkey Super Lig,Ankaragucu,Hatayspor,2,3.0,0.5,1.0,0.0,0.0,0.5,0.5,0.0,0.0,0.5,1.0,1.0,0.5,0.5,0.5
Turkey Super Lig,Gaziantep,Ad. Demirspor,2,0.5,2.0,0.0,0.5,0.5,0.5,0.0,0.0,0.5,0.0,1.0,1.0,0.5,0.0,0.0
Turkey Super Lig,Karagumruk,Ad. Demirspor,2,3.0,1.5,0.5,0.0,0.5,0.5,0.0,0.5,0.0,0.5,1.0,1.0,1.0,1.0,0.5
Turkey Super Lig,Kasimpasa,Ad. Demirspor,2,2.5,2.0,0.5,0.0,0.5,0.5,0.0,0.5,0.0,0.5,1.0,1.0,1.0,1.0,0.5
Turkey Super Lig,Ankaragucu,Ad. Demirspor,2,2.0,1.0,0.5,0.0,0.5,0.5,0.0,0.5,0.0,0.5,1.0,1.0,1.0,0.0,0.0
Turkey Super Lig,Kasimpasa,Gaziantep,4,1.5,2.25,0.5,0.0,0.5,0.5,0.25,0.25,0.0,0.5,1.0,0.75,0.75,0.5,0.25
Turkey Super Lig,Fenerbahce,Gaziantep,4,3.5,0.75,1.0,0.0,0.0,0.5,0.5,0.0,0.0,0.5,1.0,1.0,1.0,0.75,0.5
Turkey Super Lig,Ankaragucu,Karagumruk,2,1.0,2.0,0.0,0.5,0.5,0.5,0.0,0.0,0.5,0.0,1.0,1.0,0.5,0.5,0.0
Turkey Super Lig,Istanbulspor,Kayserispor,2,2.0,2.0,0.5,0.0,0.5,0.5,0.0,0.5,0.0,0.5,1.0,1.0,0.5,0.5,0.5
Turkey Super Lig,Ankaragucu,Istanbulspor,10,1.9,1.2,0.6,0.3,0.1,0.5,0.4,0.0,0.1,0.4,0.8,0.7,0.6,0.5,0.4
Turkey Super Lig,Ankaragucu,Rizespor,10,1.8,0.6,0.6,0.4,0.0,0.5,0.2,0.0,0.3,0.2,0.9,0.7,0.4,0.3,0.1
Turkey Super Lig,Fenerbahce,Galatasaray,28,1.96,0.82,0.6786,0.2143,0.1071,0.5,0.3214,0.0357,0.1429,0.3571,0.9286,0.7857,0.5714,0.3571,0.1071
Turkey Super Lig,Antalyaspor,Galatasaray,21,1.0,1.52,0.1429,0.3333,0.5238,0.4762,0.0476,0.1429,0.2857,0.1905,0.9524,0.6667,0.381,0.3333,0.1429
Turkey Super Lig,Antalyaspor,Fenerbahce,21,0.81,1.29,0.1905,0.2857,0.5238,0.4762,0.0476,0.2381,0.1905,0.2857,0.9048,0.5238,0.381,0.1429,0.0952
Turkey Super Lig,Ankaragucu,Fenerbahce,21,0.86,1.86,0.2381,0.1905,0.5714,0.4762,0.1905,0.2381,0.0476,0.4286,0.8571,0.7619,0.5714,0.2381,0.2381
Turkey Super Lig,Trabzonspor,Sivasspor,17,1.59,0.76,0.6471,0.2353,0.1176,0.4706,0.4118,0.0,0.0588,0.4118,0.8235,0.6471,0.4706,0.2353,0.0588
Turkey Super Lig,Sivasspor,Besiktas,17,1.06,1.12,0.2941,0.1765,0.5294,0.4706,0.0588,0.2941,0.1176,0.3529,0.9412,0.5882,0.4706,0.1176,0.0588
Turkey Super Lig,Kocaelispor,Besiktas,9,0.78,1.78,0.2222,0.3333,0.4444,0.4444,0.1111,0.1111,0.2222,0.2222,0.8889,0.7778,0.3333,0.3333,0.2222
Turkey Super Lig,Istanbulspor,Samsunspor,9,0.89,1.0,0.2222,0.4444,0.3333,0.4444,0.2222,0.0,0.2222,0.2222,0.7778,0.5556,0.2222,0.1111,0.1111
Turkey Super Lig,Rizespor,Kasimpasa,9,1.11,1.33,0.3333,0.2222,0.4444,0.4444,0.1111,0.2222,0.1111,0.3333,0.8889,0.7778,0.4444,0.2222,0.1111
Turkey Super Lig,Sivasspor,Kayserispor,16,1.31,1.44,0.4375,0.25,0.3125,0.4375,0.1875,0.125,0.125,0.3125,0.875,0.75,0.4375,0.3125,0.25
Turkey Super Lig,Antalyaspor,Alanyaspor,7,2.14,0.71,0.8571,0.0,0.1429,0.4286,0.4286,0.0,0.0,0.4286,1.0,0.8571,0.7143,0.2857,0.0
Turkey Super Lig,Trabzonspor,Fenerbahce,28,1.07,1.36,0.3929,0.1786,0.4286,0.4286,0.2143,0.1429,0.0714,0.3571,0.8929,0.6786,0.5,0.1786,0.1071
Turkey Super Lig,Besiktas,Alanyaspor,7,2.71,0.43,1.0,0.0,0.0,0.4286,0.4286,0.0,0.0,0.4286,1.0,0.8571,0.7143,0.2857,0.2857
Turkey Super Lig,Alanyaspor,Trabzonspor,7,1.86,1.29,0.4286,0.2857,0.2857,0.4286,0.0,0.1429,0.2857,0.1429,1.0,0.8571,0.7143,0.4286,0.1429
Turkey Super Lig,Ankaragucu,Besiktas,21,0.71,1.76,0.0952,0.2381,0.6667,0.4286,0.0476,0.3333,0.0476,0.381,0.8095,0.5238,0.381,0.3333,0.2857
Turkey Super Lig,Galatasaray,Alanyaspor,7,2.43,0.86,0.5714,0.1429,0.2857,0.4286,0.1429,0.1429,0.1429,0.2857,1.0,0.7143,0.5714,0.4286,0.2857
Turkey Super Lig,Ankaragucu,Kasimpasa,7,1.71,0.71,0.4286,0.5714,0.0,0.4286,0.0,0.0,0.4286,0.0,0.8571,0.7143,0.5714,0.2857,0.0
Turkey Super Lig,Trabzonspor,Samsunspor,12,2.42,0.67,0.8333,0.0,0.1667,0.4167,0.3333,0.0833,0.0,0.4167,1.0,0.75,0.75,0.4167,0.1667
Turkey Super Lig,Kayserispor,Ankaragucu,12,1.25,0.92,0.4167,0.25,0.3333,0.4167,0.1667,0.0833,0.1667,0.25,0.9167,0.8333,0.4167,0.0,0.0
Turkey Super Lig,Ankaragucu,Samsunspor,12,1.5,1.25,0.5,0.1667,0.3333,0.4167,0.1667,0.1667,0.0833,0.3333,0.9167,0.6667,0.4167,0.25,0.25
Turkey Super Lig,Trabzonspor,Istanbulspor,10,1.3,0.9,0.4,0.3,0.3,0.4,0.1,0.2,0.1,0.3,0.8,0.8,0.5,0.1,0.0
Turkey Super Lig,Samsunspor,Rizespor,5,0.8,0.6,0.4,0.4,0.2,0.4,0.2,0.0,0.2,0.2,0.8,0.4,0.2,0.0,0.0
Turkey Super Lig,Istanbulspor,Trabzonspor,10,0.7,1.8,0.2,0.3,0.5,0.4,0.1,0.2,0.1,0.3,0.8,0.7,0.5,0.3,0.2
Turkey Super Lig,Rizespor,Samsunspor,5,1.0,1.0,0.4,0.0,0.6,0.4,0.0,0.4,0.0,0.4,1.0,0.6,0.4,0.0,0.0
Turkey Super Lig,Galatasaray,Ankaraspor,5,2.2,0.6,0.6,0.4,0.0,0.4,0.2,0.0,0.2,0.2,0.8,0.8,0.4,0.4,0.2
Turkey Super Lig,Kayserispor,Fenerbahce,18,0.94,1.5,0.3333,0.1667,0.5,0.3889,0.1111,0.1111,0.1667,0.2222,1.0,0.7222,0.3889,0.2222,0.1111
Turkey Super Lig,Kayserispor,Trabzonspor,18,0.89,1.17,0.2778,0.2778,0.4444,0.3889,0.1111,0.1667,0.1111,0.2778,0.8333,0.5,0.3889,0.1111,0.1111
Turkey Super Lig,Kayserispor,Besiktas,18,1.17,1.22,0.3889,0.1111,0.5,0.3889,0.0556,0.2222,0.1111,0.2778,1.0,0.7222,0.4444,0.1667,0.0556
Turkey Super Lig,Kayserispor,Kasimpasa,13,1.15,0.69,0.4615,0.4615,0.0769,0.3846,0.1538,0.0769,0.1538,0.2308,0.6923,0.5385,0.3077,0.2308,0.0769
Turkey Super Lig,Kocaelispor,Samsunspor,8,1.5,1.12,0.5,0.125,0.375,0.375,0.125,0.25,0.0,0.375,0.875,0.5,0.5,0.375,0.125
Turkey Super Lig,Rizespor,Kayserispor,11,1.27,0.91,0.5455,0.2727,0.1818,0.3636,0.2727,0.0909,0.0,0.3636,0.7273,0.5455,0.4545,0.1818,0.1818
Turkey Super Lig,Trabzonspor,Kasimpasa,14,1.79,1.36,0.5714,0.2143,0.2143,0.3571,0.1429,0.1429,0.0714,0.2857,0.8571,0.6429,0.4286,0.3571,0.3571
Turkey Super Lig,Galatasaray,Fenerbahce,28,1.11,0.82,0.3929,0.3571,0.25,0.3571,0.1071,0.1071,0.1429,0.2143,0.7857,0.5714,0.3929,0.1786,0.0
Turkey Super Lig,Antalyaspor,Hatayspor,3,2.33,2.33,0.6667,0.0,0.3333,0.3333,0.3333,0.0,0.0,0.3333,1.0,1.0,1.0,0.6667,0.6667
Turkey Super Lig,Trabzonspor,Hatayspor,3,1.33,0.33,0.6667,0.3333,0.0,0.3333,0.0,0.0,0.3333,0.0,1.0,0.6667,0.0,0.0,0.0
Turkey Super Lig,Trabzonspor,Ad. Demirspor,3,4.33,0.33,1.0,0.0,0.0,0.3333,0.3333,0.0,0.0,0.3333,1.0,1.0,0.6667,0.6667,0.6667
Turkey Super Lig,Kocaelispor,Ankaragucu,9,2.22,0.78,0.6667,0.2222,0.1111,0.3333,0.1111,0.0,0.2222,0.1111,1.0,0.8889,0.4444,0.2222,0.1111
Turkey Super Lig,Sivasspor,Alanyaspor,6,1.0,0.83,0.5,0.3333,0.1667,0.3333,0.0,0.0,0.3333,0.0,1.0,0.5,0.1667,0.1667,0.0
Turkey Super Lig,Besiktas,Hatayspor,3,3.67,0.33,0.6667,0.3333,0.0,0.3333,0.0,0.0,0.3333,0.0,1.0,1.0,0.6667,0.3333,0.3333
Turkey Super Lig,Besiktas,Ad. Demirspor,3,2.33,1.0,0.6667,0.3333,0.0,0.3333,0.0,0.0,0.3333,0.0,1.0,0.6667,0.6667,0.3333,0.3333
Turkey Super Lig,Samsunspor,Kayserispor,3,1.0,1.33,0.0,0.6667,0.3333,0.3333,0.0,0.0,0.3333,0.0,0.6667,0.3333,0.3333,0.3333,0.3333
Turkey Super Lig,Hatayspor,Karagumruk,3,2.0,1.33,0.6667,0.0,0.3333,0.3333,0.3333,0.0,0.0,0.3333,1.0,1.0,1.0,0.3333,0.0
Turkey Super Lig,Hatayspor,Kasimpasa,3,1.0,0.33,0.6667,0.3333,0.0,0.3333,0.0,0.0,0.3333,0.0,1.0,0.3333,0.0,0.0,0.0
Turkey Super Lig,Hatayspor,Galatasaray,3,2.33,1.67,0.6667,0.0,0.3333,0.3333,0.3333,0.0,0.0,0.3333,1.0,1.0,1.0,0.3333,0.3333
Turkey Super Lig,Ad. Demirspor,Galatasaray,3,1.0,0.67,0.3333,0.3333,0.3333,0.3333,0.0,0.3333,0.0,0.3333,0.6667,0.6667,0.3333,0.0,0.0
Turkey Super Lig,Ad. Demirspor,Fenerbahce,3,0.33,1.0,0.0,0.3333,0.6667,0.3333,0.0,0.0,0.3333,0.0,1.0,0.3333,0.0,0.0,0.0
Turkey Super Lig,Gaziantep,Rizespor,3,2.67,1.67,0.6667,0.0,0.3333,0.3333,0.0,0.3333,0.0,0.3333,1.0,1.0,0.3333,0.3333,0.3333
Turkey Super Lig,Gaziantep,Ankaragucu,3,1.33,0.33,0.6667,0.3333,0.0,0.3333,0.0,0.0,0.3333,0.0,1.0,0.6667,0.0,0.0,0.0
Turkey Super Lig,Karagumruk,Alanyaspor,3,1.33,1.67,0.3333,0.0,0.6667,0.3333,0.0,0.3333,0.0,0.3333,1.0,0.6667,0.3333,0.3333,0.3333
Turkey Super Lig,Karagumruk,Hatayspor,3,1.67,0.33,0.6667,0.3333,0.0,0.3333,0.0,0.0,0.3333,0.0,1.0,0.6667,0.3333,0.0,0.0
Turkey Super Lig,Kayserispor,Hatayspor,3,2.33,1.33,0.6667,0.0,0.3333,0.3333,0.3333,0.0,0.0,0.3333,1.0,0.6667,0.6667,0.3333,0.3333
Turkey Super Lig,Galatasaray,Hatayspor,3,3.0,0.33,1.0,0.0,0.0,0.3333,0.3333,0.0,0.0,0.3333,1.0,1.0,1.0,0.3333,0.0
Turkey Super Lig,Galatasaray,Ad. Demirspor,3,2.67,0.67,1.0,0.0,0.0,0.3333,0.3333,0.0,0.0,0.3333,1.0,1.0,0.6667,0.3333,0.3333
Turkey Super Lig,Rizespor,Gaziantep,3,1.33,1.0,0.3333,0.0,0.6667,0.3333,0.0,0.3333,0.0,0.3333,1.0,0.6667,0.6667,0.0,0.0
Turkey Super Lig,Ankaragucu,Gaziantep,3,0.33,1.67,0.0,0.0,1.0,0.3333,0.0,0.3333,0.0,0.3333,1.0,0.6667,0.3333,0.0,0.0
Turkey Super Lig,Kocaelispor,Istanbulspor,7,1.0,0.57,0.2857,0.4286,0.2857,0.2857,0.0,0.0,0.2857,0.0,0.8571,0.5714,0.1429,0.0,0.0
Turkey Super Lig,Besiktas,Samsunspor,12,1.17,0.83,0.5,0.25,0.25,0.25,0.1667,0.0833,0.0,0.25,0.75,0.4167,0.25,0.25,0.25
Turkey Super Lig,Besiktas,Gaziantep,4,2.25,0.25,1.0,0.0,0.0,0.25,0.25,0.0,0.0,0.25,1.0,0.75,0.75,0.0,0.0
Turkey Super Lig,Alanyaspor,Gaziantep,4,2.25,0.5,1.0,0.0,0.0,0.25,0.25,0.0,0.0,0.25,1.0,0.75,0.5,0.25,0.25
Turkey Super Lig,Istanbulspor,Rizespor,4,1.75,1.0,0.75,0.0,0.25,0.25,0.25,0.0,0.0,0.25,1.0,0.75,0.75,0.25,0.0
Turkey Super Lig,Ankaragucu,Alanyaspor,4,0.75,1.75,0.25,0.0,0.75,0.25,0.0,0.25,0.0,0.25,1.0,0.75,0.25,0.25,0.25
Turkey Super Lig,Kayserispor,Gaziantep,4,1.0,0.25,0.25,0.75,0.0,0.25,0.0,0.0,0.25,0.0,0.5,0.5,0.25,0.0,0.0
Turkey Super Lig,Fenerbahce,Istanbulspor,10,2.3,0.6,0.8,0.1,0.1,0.1,0.0,0.0,0.1,0.0,1.0,1.0,0.5,0.2,0.1
Turkey Super Lig,Kocaelispor,Sivasspor,1,0.0,2.0,0.0,0.0,1.0,0.0,0.0,0.0,0.0,0.0,1.0,1.0,0.0,0.0,0.0
Turkey Super Lig,Sivasspor,Karagumruk,3,1.67,0.0,0.6667,0.3333,0.0,0.0,0.0,0.0,0.0,0.0,0.6667,0.3333,0.3333,0.3333,0.0
Turkey Super Lig,Samsunspor,Ankaraspor,2,0.0,0.5,0.0,0.5,0.5,0.0,0.0,0.0,0.0,0.0,0.5,0.0,0.0,0.0,0.0
Turkey Super Lig,Alanyaspor,Hatayspor,3,5.0,0.0,1.0,0.0,0.0,0.0,0.0,0.0,0.0,0.0,1.0,1.0,1.0,0.6667,0.6667
Turkey Super Lig,Alanyaspor,Istanbulspor,1,0.0,1.0,0.0,0.0,1.0,0.0,0.0,0.0,0.0,0.0,1.0,0.0,0.0,0.0,0.0
Turkey Super Lig,Hatayspor,Istanbulspor,1,0.0,3.0,0.0,0.0,1.0,0.0,0.0,0.0,0.0,0.0,1.0,1.0,1.0,0.0,0.0
Turkey Super Lig,Ad. Demirspor,Gaziantep,2,3.5,0.0,1.0,0.0,0.0,0.0,0.0,0.0,0.0,0.0,1.0,1.0,1.0,0.5,0.0
Turkey Super Lig,Ad. Demirspor,Kasimpasa,2,2.5,0.0,0.5,0.5,0.0,0.0,0.0,0.0,0.0,0.0,0.5,0.5,0.5,0.5,0.5
Turkey Super Lig,Ad. Demirspor,Istanbulspor,1,6.0,0.0,1.0,0.0,0.0,0.0,0.0,0.0,0.0,0.0,1.0,1.0,1.0,1.0,1.0
Turkey Super Lig,Gaziantep,Istanbulspor,1,0.0,3.0,0.0,0.0,1.0,0.0,0.0,0.0,0.0,0.0,1.0,1.0,1.0,0.0,0.0
Turkey Super Lig,Karagumruk,Kayserispor,3,2.67,0.0,1.0,0.0,0.0,0.0,0.0,0.0,0.0,0.0,1.0,1.0,0.6667,0.0,0.0
Turkey Super Lig,Kasimpasa,Istanbulspor,1,1.0,0.0,1.0,0.0,0.0,0.0,0.0,0.0,0.0,0.0,1.0,0.0,0.0,0.0,0.0
Turkey Super Lig,Kayserispor,Istanbulspor,2,0.5,0.0,0.5,0.5,0.0,0.0,0.0,0.0,0.0,0.0,0.5,0.0,0.0,0.0,0.0
Turkey Super Lig,Istanbulspor,Sivasspor,1,3.0,0.0,1.0,0.0,0.0,0.0,0.0,0.0,0.0,0.0,1.0,1.0,1.0,0.0,0.0
Turkey Super Lig,Ad. Demirspor,Samsunspor,1,2.0,0.0,1.0,0.0,0.0,0.0,0.0,0.0,0.0,0.0,1.0,1.0,0.0,0.0,0.0
Turkey Super Lig,Hatayspor,Alanyaspor,3,2.0,0.0,0.6667,0.3333,0.0,0.0,0.0,0.0,0.0,0.0,0.6667,0.3333,0.3333,0.3333,0.3333
Turkey Super Lig,Ad. Demirspor,Hatayspor,2,2.0,0.0,1.0,0.0,0.0,0.0,0.0,0.0,0.0,0.0,1.0,0.5,0.5,0.0,0.0
Turkey Super Lig,Istanbulspor,Hatayspor,1,0.0,1.0,0.0,0.0,1.0,0.0,0.0,0.0,0.0,0.0,1.0,0.0,0.0,0.0,0.0
Turkey Super Lig,Rizespor,Hatayspor,2,0.5,1.0,0.5,0.0,0.5,0.0,0.0,0.0,0.0,0.0,1.0,0.5,0.0,0.0,0.0
Turkey Super Lig,Fenerbahce,Hatayspor,3,2.0,0.0,0.6667,0.3333,0.0,0.0,0.0,0.0,0.0,0.0,0.6667,0.6667,0.3333,0.3333,0.0
Turkey Super Lig,Istanbulspor,Ad. Demirspor,1,0.0,2.0,0.0,0.0,1.0,0.0,0.0,0.0,0.0,0.0,1.0,1.0,0.0,0.0,0.0
Turkey Super Lig,Istanbulspor,Karagumruk,1,0.0,1.0,0.0,0.0,1.0,0.0,0.0,0.0,0.0,0.0,1.0,0.0,0.0,0.0,0.0
Turkey Super Lig,Rizespor,Karagumruk,2,0.0,0.0,0.0,1.0,0.0,0.0,0.0,0.0,0.0,0.0,0.0,0.0,0.0,0.0,0.0
